,mean,lower,upper,idxo,idx,start,p,numUsersStart,numUsersTracked,pUsersTracked,constraint,numUsersInfected,pUsersInfected
0,0.0,0.0,0.0,0,"(1146398400000, 1367323200000)",0,"(1, 9999)",7,7,1.0,MGTOW,0.0,0.0
1,0.0,0.0,0.0,1,"(1367323200000, 1462017600000)",0,"(1, 9999)",7,2,0.2857142857142857,MGTOW,0.0,0.0
2,0.0,,,2,"(1462017600000, 1493553600000)",0,"(1, 9999)",7,1,0.14285714285714285,MGTOW,0.0,0.0
3,0.0,,,3,"(1493553600000, 1525089600000)",0,"(1, 9999)",7,1,0.14285714285714285,MGTOW,0.0,0.0
4,0.0,,,4,"(1525089600000, 1556625600000)",0,"(1, 9999)",7,1,0.14285714285714285,MGTOW,0.0,0.0
5,0.0,0.0,0.0,1,"(1367323200000, 1462017600000)",1,"(1, 9999)",2529,2529,1.0,MGTOW,0.0,0.0
6,0.28315946348733234,0.2489833437786019,0.3173355831960628,2,"(1462017600000, 1493553600000)",1,"(1, 9999)",2529,671,0.2653222617635429,MGTOW,190.0,0.00043272296620205887
7,0.30528846153846156,0.2608509309548428,0.34972599212208033,3,"(1493553600000, 1525089600000)",1,"(1, 9999)",2529,416,0.16449189402926057,MGTOW,127.00000000000001,0.00036898975254443135
8,0.2993827160493827,0.24924887534143614,0.3495165567573293,4,"(1525089600000, 1556625600000)",1,"(1, 9999)",2529,324,0.12811387900355872,MGTOW,97.0,0.0002838166018082336
9,0.0,0.0,0.0,2,"(1462017600000, 1493553600000)",2,"(1, 9999)",5809,5809,1.0,MGTOW,0.0,0.0
10,0.1749710312862109,0.15702881668957552,0.19291324588284625,3,"(1493553600000, 1525089600000)",2,"(1, 9999)",5809,1726,0.29712515062833533,MGTOW,302.0,0.0008774401989639233
11,0.21830314585319352,0.19326405894024848,0.24334223276613856,4,"(1525089600000, 1556625600000)",2,"(1, 9999)",5809,1049,0.1805818557410914,MGTOW,229.0,0.0006700412558153144
12,0.0,0.0,0.0,3,"(1493553600000, 1525089600000)",3,"(1, 9999)",13144,13144,1.0,MGTOW,0.0,0.0
13,0.17851994233541565,0.1668808942825978,0.1901589903882335,4,"(1525089600000, 1556625600000)",3,"(1, 9999)",13144,4162,0.31664637857577604,MGTOW,743.0,0.002173976650964099
14,0.0,0.0,0.0,0,"(1146398400000, 1367323200000)",0,"(1, 9999)",33998,33998,1.0,MRA,0.0,0.0
15,0.24866047020229634,0.23979995516554647,0.2575209852390462,1,"(1367323200000, 1462017600000)",0,"(1, 9999)",33998,9145,0.2689864109653509,MRA,2274.0,0.009392735293388736
16,0.5273118279569893,0.5129568501778605,0.541666805736118,2,"(1462017600000, 1493553600000)",0,"(1, 9999)",33998,4650,0.136772751338314,MRA,2452.0,0.00558440375330236
17,0.44271785496648386,0.425715608820451,0.4597201011125167,3,"(1493553600000, 1525089600000)",0,"(1, 9999)",33998,3282,0.09653509029942937,MRA,1453.0,0.004221591420842981
18,0.39719453672942046,0.37875677757258996,0.41563229588625095,4,"(1525089600000, 1556625600000)",0,"(1, 9999)",33998,2709,0.07968115771515971,MRA,1076.0,0.003148316119027416
19,0.0,0.0,0.0,1,"(1367323200000, 1462017600000)",1,"(1, 9999)",37088,37088,1.0,MRA,0.0,0.0
20,0.4811768427712749,0.4688571352123552,0.4934965503301946,2,"(1462017600000, 1493553600000)",1,"(1, 9999)",37088,6322,0.17045944779982744,MRA,3042.0,0.006928122437824542
21,0.4326276463262765,0.4172962538740635,0.44795903877848947,3,"(1493553600000, 1525089600000)",1,"(1, 9999)",37088,4015,0.1082560396893874,MRA,1737.0,0.005046733859603757
22,0.3918709277071052,0.3750085853136107,0.4087332701005997,4,"(1525089600000, 1556625600000)",1,"(1, 9999)",37088,3223,0.08690142364106988,MRA,1263.0,0.003695467712204114
23,0.0,0.0,0.0,2,"(1462017600000, 1493553600000)",2,"(1, 9999)",13570,13570,1.0,MRA,0.0,0.0
24,0.310405129699796,0.2949164012689517,0.3258938581306403,3,"(1493553600000, 1525089600000)",2,"(1, 9999)",13570,3431,0.2528371407516581,MRA,1065.0,0.003094284145352908
25,0.2787102473498233,0.2602273732270336,0.297193121472613,4,"(1525089600000, 1556625600000)",2,"(1, 9999)",13570,2264,0.16683861459100957,MRA,631.0,0.0018462708839277876
26,0.0,0.0,0.0,3,"(1493553600000, 1525089600000)",3,"(1, 9999)",15098,15098,1.0,MRA,0.0,0.0
27,0.24207920792079207,0.22886527847835797,0.2552931373632262,4,"(1525089600000, 1556625600000)",3,"(1, 9999)",15098,4040,0.2675851106106769,MRA,978.0,0.002861573572870644
28,0.0,0.0,0.0,0,"(1146398400000, 1367323200000)",0,"(1, 9999)",20579,20579,1.0,Incel,0.0,0.0
29,0.17911121136927588,0.16781922402020372,0.19040319871834804,1,"(1367323200000, 1462017600000)",0,"(1, 9999)",20579,4433,0.21541377132027795,Incel,794.0,0.0032796094208226287
30,0.46098929117797044,0.43890759440922433,0.48307098794671655,2,"(1462017600000, 1493553600000)",0,"(1, 9999)",20579,1961,0.09529131639049516,Incel,904.0,0.00205885032340348
31,0.3811659192825112,0.3551091923214884,0.407222646243534,3,"(1493553600000, 1525089600000)",0,"(1, 9999)",20579,1338,0.06501773652752807,Incel,510.0,0.0014817698724225194
32,0.35767790262172283,0.32888527601172524,0.3864705292317204,4,"(1525089600000, 1556625600000)",0,"(1, 9999)",20579,1068,0.051897565479372174,Incel,382.0,0.0011177107411417034
33,0.0,0.0,0.0,1,"(1367323200000, 1462017600000)",1,"(1, 9999)",20139,20139,1.0,Incel,0.0,0.0
34,0.2650142993326978,0.24958628802851407,0.2804423106368816,2,"(1462017600000, 1493553600000)",1,"(1, 9999)",20139,3147,0.15626396544019067,Incel,834.0,0.0018994260726974584
35,0.26845991561181437,0.24849443594464338,0.28842539527898536,3,"(1493553600000, 1525089600000)",1,"(1, 9999)",20139,1896,0.09414568747206913,Incel,509.00000000000006,0.0014788644413001224
36,0.2552594670406732,0.2326024299622499,0.2779165041190965,4,"(1525089600000, 1556625600000)",1,"(1, 9999)",20139,1426,0.07080788519787477,Incel,364.0,0.0010650437428680107
37,0.0,0.0,0.0,2,"(1462017600000, 1493553600000)",2,"(1, 9999)",17373,17373,1.0,Incel,0.0,0.0
38,0.17359232849766412,0.1619468821902947,0.18523777480503353,3,"(1493553600000, 1525089600000)",2,"(1, 9999)",17373,4067,0.2340988890807575,Incel,706.0,0.0020512343724123504
39,0.20940356987374836,0.19275179172221849,0.22605534802527824,4,"(1525089600000, 1556625600000)",2,"(1, 9999)",17373,2297,0.1322166580325793,Incel,481.0,0.0014073792316470141
40,0.0,0.0,0.0,3,"(1493553600000, 1525089600000)",3,"(1, 9999)",31818,31818,1.0,Incel,0.0,0.0
41,0.18122714343762697,0.17243842351344402,0.19001586336180992,4,"(1525089600000, 1556625600000)",3,"(1, 9999)",31818,7383,0.23203846879125023,Incel,1338.0,0.003914913538344501
42,0.0,0.0,0.0,0,"(1146398400000, 1367323200000)",0,"(1, 9999)",38516,38516,1.0,PUA,0.0,0.0
43,0.15893834555406383,0.1516547116692613,0.16622197943886635,1,"(1367323200000, 1462017600000)",0,"(1, 9999)",38516,9683,0.2514020147471181,PUA,1539.0,0.006356824809377866
44,0.4596163553760727,0.44409151182566253,0.4751411989264829,2,"(1462017600000, 1493553600000)",0,"(1, 9999)",38516,3962,0.10286634126077475,PUA,1821.0,0.004147308007652364
45,0.3811578568860122,0.3630962162868667,0.3992194974851577,3,"(1493553600000, 1525089600000)",0,"(1, 9999)",38516,2781,0.07220375947658116,PUA,1060.0,0.003079756989740923
46,0.33731211317418214,0.31781362935154434,0.35681059699681994,4,"(1525089600000, 1556625600000)",0,"(1, 9999)",38516,2262,0.05872883996261294,PUA,763.0,0.0022324955379348687
47,0.0,0.0,0.0,1,"(1367323200000, 1462017600000)",1,"(1, 9999)",45463,45463,1.0,PUA,0.0,0.0
48,0.27108222066057625,0.25953078502145915,0.28263365629969334,2,"(1462017600000, 1493553600000)",1,"(1, 9999)",45463,5692,0.12520071266744384,PUA,1543.0,0.0035141659834198777
49,0.258630289532294,0.24430366412659357,0.27295691493799445,3,"(1493553600000, 1525089600000)",1,"(1, 9999)",45463,3592,0.07900930426940589,PUA,929.0,0.002699145512706903
50,0.2513255567338282,0.23533148156596678,0.26731963190168967,4,"(1525089600000, 1556625600000)",1,"(1, 9999)",45463,2829,0.06222642588478543,PUA,711.0,0.002080346431810867
51,0.0,0.0,0.0,2,"(1462017600000, 1493553600000)",2,"(1, 9999)",12588,12588,1.0,PUA,0.0,0.0
52,0.11294462779611295,0.10105724655651552,0.12483200903571037,3,"(1493553600000, 1525089600000)",2,"(1, 9999)",12588,2727,0.21663489037178266,PUA,308.0,0.0008948727856983058
53,0.12950916617386163,0.11348969263389262,0.14552863971383062,4,"(1525089600000, 1556625600000)",2,"(1, 9999)",12588,1691,0.13433428662217986,PUA,219.0,0.0006407818123299294
54,0.0,0.0,0.0,3,"(1493553600000, 1525089600000)",3,"(1, 9999)",13845,13845,1.0,PUA,0.0,0.0
55,0.10352710646636186,0.0927305861923208,0.11432362674040292,4,"(1525089600000, 1556625600000)",3,"(1, 9999)",13845,3062,0.22116287468400145,PUA,317.0,0.0009275243584867016
56,0.0,0.0,0.0,0,"(1146398400000, 1367323200000)",0,"(1, 9999)",99937,99937,1.0,Manosphere,0.0,0.0
57,0.2022215573341312,0.19740688997707942,0.20703622469118296,1,"(1367323200000, 1462017600000)",0,"(1, 9999)",99937,26738,0.2675485555900217,Manosphere,5407.0,0.02233356188713848
58,0.49273327828241126,0.48382771288496584,0.5016388436798567,2,"(1462017600000, 1493553600000)",0,"(1, 9999)",99937,12110,0.12117634109488978,Manosphere,5967.0,0.013589778628040448
59,0.41254396248534586,0.40209475210650797,0.42299317286418375,3,"(1493553600000, 1525089600000)",0,"(1, 9999)",99937,8530,0.08535377287691245,Manosphere,3519.0,0.010224212119715383
60,0.36846664741553564,0.3571031673992323,0.37983012743183897,4,"(1525089600000, 1556625600000)",0,"(1, 9999)",99937,6926,0.06930366130662317,Manosphere,2552.0,0.007467009977470228
61,6.395824805566926e-06,-6.139858507622144e-06,1.8931508118755996e-05,1,"(1367323200000, 1462017600000)",1,"(1, 9999)",156352,156352,1.0,Manosphere,0.0,0.0
62,0.33107941539003344,0.3256053915379624,0.33655343924210446,2,"(1462017600000, 1493553600000)",1,"(1, 9999)",156352,28395,0.18160944535407286,Manosphere,9401.0,0.02141067686981871
63,0.3215527560850482,0.3146404547325017,0.3284650574375947,3,"(1493553600000, 1525089600000)",1,"(1, 9999)",156352,17543,0.11220195456406058,Manosphere,5641.0,0.016389536961442023
64,0.3153626670671272,0.30747007250530767,0.3232552616289467,4,"(1525089600000, 1556625600000)",1,"(1, 9999)",156352,13318,0.08517959476054032,Manosphere,4200.0,0.012288966263861662
65,0.0,0.0,0.0,2,"(1462017600000, 1493553600000)",2,"(1, 9999)",70981,70981,1.0,Manosphere,0.0,0.0
66,0.17692349400856694,0.1714156016698837,0.18243138634725017,3,"(1493553600000, 1525089600000)",2,"(1, 9999)",70981,18443,0.2598300953776363,Manosphere,3263.0,0.009480421752381727
67,0.20968634686346863,0.20202179440140505,0.2173508993255322,4,"(1525089600000, 1556625600000)",2,"(1, 9999)",70981,10840,0.1527169242473338,Manosphere,2273.0,0.00665067150422799
68,0.0,0.0,0.0,3,"(1493553600000, 1525089600000)",3,"(1, 9999)",98665,98665,1.0,Manosphere,0.0,0.0
69,0.16609595484477893,0.16162112037299964,0.17057078931655822,4,"(1525089600000, 1556625600000)",3,"(1, 9999)",98665,26575,0.26934576597577664,Manosphere,4414.0,0.012915118354448899
70,0.0,0.0,0.0,0,"(1146398400000, 1367323200000)",0,"(1, 9999)",387595,387595,1.0,Gaming,0.0,0.0
71,0.059349724928844015,0.05832472738537193,0.0603747224723161,1,"(1367323200000, 1462017600000)",0,"(1, 9999)",387595,204129,0.526655400611463,Gaming,12115.0,0.05004089185549892
72,0.19707249186112974,0.19432415535855158,0.1998208283637079,2,"(1462017600000, 1493553600000)",0,"(1, 9999)",387595,80478,0.2076342574078613,Gaming,15860.0,0.036120980231392916
73,0.13484874091600474,0.1320965450997683,0.1376009367322412,3,"(1493553600000, 1525089600000)",0,"(1, 9999)",387595,59170,0.15265934803080536,Gaming,7979.0,0.023182434925606437
74,0.11590279120737446,0.11299440225778307,0.11881118015696585,4,"(1525089600000, 1556625600000)",0,"(1, 9999)",387595,46539,0.1200712083489209,Gaming,5394.0,0.01578254381601662
75,0.0,0.0,0.0,1,"(1367323200000, 1462017600000)",1,"(1, 9999)",1187184,1187184,1.0,Gaming,0.0,0.0
76,0.10417368088411627,0.10314471967087556,0.10520264209735698,2,"(1462017600000, 1493553600000)",1,"(1, 9999)",1187184,338598,0.2852110540573323,Gaming,35273.0,0.08033387993076432
77,0.07836708315381301,0.07727373229309183,0.07946043401453419,3,"(1493553600000, 1525089600000)",1,"(1, 9999)",1187184,232100,0.19550465639698647,Gaming,18189.0,0.05284688668528079
78,0.07415576252785555,0.07292814715174536,0.07538337790396574,4,"(1525089600000, 1556625600000)",1,"(1, 9999)",1187184,175010,0.14741607029744336,Gaming,12978.0,0.037972905755332534
79,0.0,0.0,0.0,2,"(1462017600000, 1493553600000)",2,"(1, 9999)",395050,395050,1.0,Gaming,0.0,0.0
80,0.05561811955597435,0.054374820524088666,0.056861418587860035,3,"(1493553600000, 1525089600000)",2,"(1, 9999)",395050,130533,0.3304214656372611,Gaming,7260.0,0.021093429948602922
81,0.06104245619816554,0.0594872390714023,0.06259767332492878,4,"(1525089600000, 1556625600000)",2,"(1, 9999)",395050,91035,0.23043918491330212,Gaming,5557.0,0.016259472744828394
82,0.0,0.0,0.0,3,"(1493553600000, 1525089600000)",3,"(1, 9999)",335251,335251,1.0,Gaming,0.0,0.0
83,0.04970536748933652,0.048484184540433774,0.05092655043823927,4,"(1525089600000, 1556625600000)",3,"(1, 9999)",335251,121677,0.3629429889843729,Gaming,6048.0,0.017696111419960792
